-- insert countries

INSERT INTO countries (name, alfaisotwo, alfaisothree, isocode) VALUES
('Afganistán', 'AF', 'AFG', '004'),
('Albania', 'AL', 'ALB', '008'),
('Alemania', 'DE', 'DEU', '276'),
('Andorra', 'AD', 'AND', '020'),
('Angola', 'AO', 'AGO', '024'),
('Anguilla', 'AI', 'AIA', '660'),
('Antártida', 'AQ', 'ATA', '010'),
('Antigua y Barbuda', 'AG', 'ATG', '028'),
('Arabia Saudí', 'SA', 'SAU', '682'),
('Argelia', 'DZ', 'DZA', '012'),
('Argentina', 'AR', 'ARG', '032'),
('Armenia', 'AM', 'ARM', '051'),
('Aruba', 'AW', 'ABW', '533'),
('Australia', 'AU', 'AUS', '036'),
('Austria', 'AT', 'AUT', '040'),
('Azerbaiyán', 'AZ', 'AZE', '031'),
('Bahamas', 'BS', 'BHS', '044'),
('Bangladés', 'BD', 'BGD', '050'),
('Barbados', 'BB', 'BRB', '052'),
('Baréin', 'BH', 'BHR', '048'),
('Belgica', 'BE', 'BEL', '056'),
('Belice', 'BZ', 'BLZ', '084'),
('Benin', 'BJ', 'BEN', '204'),
('Bermudas', 'BM', 'BMU', '060'),
('Bielorussia', 'BY', 'BLR', '112'),
('Birmania', 'MM', 'MMR', '104'),
('Bolivia', 'BO', 'BOL', '068'),
('Bosnia y Herzegovina', 'BA', 'BIH', '070'),
('Botsuana', 'BW', 'BWA', '072'),
('Brasil', 'BR', 'BRA', '076'),
('Brunéi', 'BN', 'BRN', '096'),
('Bulgaria', 'BG', 'BGR', '100'),
('Burkina Faso', 'BF', 'BFA', '854'),
('Burundi', 'BD', 'BDI', '108'),
('Bután', 'BT', 'BTN', '64'),
('Cabo Verde', 'CV', 'CPV', '132'),
('Camboya', 'KH', 'KHM', '116'),
('Camerún', 'CM', 'CMR', '120'),
('Canadá', 'CA', 'CAN', '124'),
('Caribe Neerlandés', 'BQ', 'BES', '535'),
('Catar', 'QA', 'QAT', '634'),
('Chad', 'TC', 'TCD', '148'),
('Chile', 'CL', 'CHL', '152'),
('China', 'CN', 'CHN', '156'),
('Chipre', 'CY', 'CYP', '196'),
('Colombia', 'CO', 'COL', '170'),
('Comoras', 'KM', 'COM', '174'),
('Corea del Norte', 'KP', 'PRK', '408'),
('Corea del Sur', 'KR', 'KOR', '410'),
('Costa de Marfil', 'CI', 'CIV', '384'),
('Costa Rica', 'CR', 'CRI', '188'),
('Croacia', 'HR', 'HRV', '191'),
('Cuba', 'CU', 'CUB', '192'),
('Curazao', 'CW', 'CUW', '531'),
('Dinamarca', 'DK', 'DNK', '208'),
('Dominica', 'DM', 'DMA', '212'),
('Ecuador', 'EC', 'ECU', '218'),
('Egipto', 'EG', 'EGY', '818'),
('El Salvador', 'SV', 'SLV', '222'),
('Emiratos árabes Unidos', 'AE', 'ARE', '784'),
('Eritrea', 'ER', 'ERI', '232'),
('Eslovaquia', 'SK', 'SVK', '703'),
('Eslovenia', 'SI', 'SVN', '705'),
('España', 'ES', 'ESP', '724'),
('Estados Federados de Micronesia', 'FM', 'FSM', '583'),
('Estados Unidos', 'US', 'USA', '840'),
('Estonia', 'EE', 'EST', '233'),
('Etiopía', 'ET', 'ETH', '231'),
('Filipinas', 'PH','PHL', '608'),
('Finlandia', 'FI', 'FIN', '246'),
('Fiyi', 'FJ', 'FJI', '242'),
('Francia', 'FR', 'FRA', '250'),
('Gabon', 'GA', 'GAB', '266'),
('Gambia', 'GM', 'GMB', '270'),
('Georgia', 'GE', 'GEO', '268'),
('Ghana', 'GH', 'GHA', '288'),
('Gibraltar', 'GI', 'GIB', '292'),
('Granada', 'GD', 'GRD', '308'),
('Grecia', 'GR', 'GRC', '300'),
('Groenlandia', 'GL', 'GRL', '304'),
('Guadelupe', 'GP', 'GLP', '312'),
('Guam', 'GU', 'GUM', '316'),
('Guatemala', 'GT', 'GTM', '320'),
('Guayana Francesa', 'GF', 'GUF', '254'),
('Guernsey', 'GG', 'GGY', '831'),
('Guinea', 'GN', 'GIN', '324'),
('Guinea Ecuatorial', 'GQ', 'GNQ', '226'),
('Guinea-Bissau', 'GW', 'GNB', '624'),
('Guyana', 'GY', 'GUY', '328'),
('Haití', 'HT', 'HTI', '332'),
('Honduras', 'HN', 'HND', '340'),
('Hong Kong', 'HK', 'HKG', '344'),
('Hungría', 'HU', 'HUN', '348'),
('Iceland', 'IS', 'ISL', '352'),
('India', 'IN', 'IND', '356'),
('Indonesia', 'ID', 'IDN', '360'),
('Irak', 'IQ', 'IRQ', '368'),
('Iran', 'IR', 'IRN', '364'),
('Isla de Man', 'IM', 'IMN', '833'),
('Isla de Navidad', 'CX', 'CXR', '162'),
('Isla Norfolk', 'NF', 'NFK', '574'),
('Islandia', 'IE', 'IRL', '372'),
('Islas Caimán', 'KY', 'CYM', '136'),
('Islas Cocos', 'CC', 'CCK', '166'),
('Islas Cook', 'CK', 'COK', '184'),
('Islas Feroe', 'FO', 'FRO', '234'),
('Islas Georgias y Sandwich del Sur', 'GS', 'SGS', '239'),
('Islas Malvinas', 'FK', 'FLK', '238'),
('Islas Marianas del Norte', 'MP', 'MNP', '580'),
('Islas Marshall', 'MH', 'MHL', '584'),
('Islas Pitcairn', 'PN', 'PCN', '612'),
('Islas Salomón', 'SB', 'SLB', '090'),
('Islas Turcas y Caicos', 'TC', 'TCA', '796'),
('Islas Vírgenes Británicas', 'VG', 'VGB', '092'),
('Islas Vírgenes de los Estados Unidos', 'VI', 'VIR', '850'),
('Israel', 'IL', 'ISR', '376'),
('Italia', 'IT', 'ITA', '380'),
('Jamaica', 'JM', 'JAM', '388'),
('Japón', 'JP', 'JPN', '392'),
('Jersey', 'JE', 'JEY', '832'),
('Jordania', 'JO', 'JOR', '400'),
('Kazajistán', 'KZ', 'KAZ', '398'),
('Kenia', 'KE', 'KEN', '404'),
('Kirguistán', 'KG', 'KGZ', '417'),
('Kiribati', 'KI', 'KIR', '296'),
('Kosovo', 'XK', 'XKX', '153'),
('Kuweit', 'KW', 'KWT', '414'),
('Laos', 'LA', 'LAO', '418'),
('Lesoto', 'LS', 'LSO', '426'),
('Letonia', 'LV', 'LVA', '428'),
('Libano', 'LB', 'LBN', '422'),
('Liberia', 'LR', 'LBR', '430'),
('Libia', 'LY', 'LBY', '434'),
('Liechtenstein', 'LI', 'LIE', '438'),
('Lituania', 'LT', 'LTU', '440'),
('Luxemburgo', 'LU', 'LUX', '442'),
('Macao', 'MO', 'MAC', '446'),
('Macedonia', 'MK', 'MKD', '807'),
('Madagascar', 'MG', 'MDG', '450'),
('Malasia', 'MY', 'MYS', '458'),
('Malaui', 'MW', 'MWI', '454'),
('Maldivas', 'MV', 'MDV', '462'),
('Mali', 'ML', 'MLI', '466'),
('Malta', 'MT', 'MLT', '470'),
('Marruecos', 'MA', 'MAR', '504'),
('Martinica', 'MQ', 'MTQ', '474'),
('Mauricio', 'MU', 'MUS', '480'),
('Mauritania', 'MR', 'MRT', '478'),
('Mayotte', 'YT', 'MYT', '175'),
('México', 'MX', 'MEX', '484'),
('Moldavia', 'MD', 'MDA', '498'),
('Monaco', 'MC', 'MCO', '492'),
('Mongolia', 'MN', 'MNG', '496'),
('Monténégro', 'ME', 'MNE', '499'),
('Montserrat', 'MS', 'MSR', '500'),
('Mozambique', 'MZ', 'MOZ', '508'),
('Namibia', 'NA', 'NAM', '516'),
('Nauru', 'NR', 'NRU', '520'),
('Nepal', 'NP', 'NPL', '524'),
('Nicaragua', 'NI', 'NIC', '558'),
('Niger', 'NE', 'NER', '562'),
('Nigeria', 'NG', 'NGA', '566'),
('Niue', 'NU', 'NIU', '570'),
('Noruega', 'NO', 'NOR', '578'),
('Nueva Caledonia', 'NC', 'NCL', '540'),
('Nueva Zelanda', 'NZ', 'NZL', '554'),
('Omán', 'OM', 'OMN', '512'),
('Países Bajos', 'NL', 'NLD', '528'),
('Pakistán', 'PK', 'PAK', '586'),
('Palaos', 'PW', 'PLW', '585'),
('Palestina', 'PS', 'PSE', '275'),
('Panama', 'PA', 'PAN', '591'),
('Papúa Nueva Guinea', 'PG', 'PNG', '598'),
('Paraguay', 'PY', 'PRY', '600'),
('Perú', 'PE', 'PER', '604'),
('Polinesia Francesa', 'PF', 'PYF', '258'),
('Polonia', 'PL', 'POL', '616'),
('Portugal', 'PT', 'PRT', '620'),
('Puerto Rico', 'PR', 'PRI', '630'),
('Reino Unido', 'GB', 'GBR', '826'),
('República árabe Saharaui DemocrÁtica', 'EH', 'ESH', '732'),
('República Centroafricana', 'CF', 'CAF', '140'),
('República Checa', 'CZ', 'CZE', '203'),
('República del Congo', 'CG', 'COG', '178'),
('República DemocrÁtica del Congo', 'CD', 'COD', '180'),
('República Dominicana', 'DO', 'DOM', '214'),
('Reunión', 'RE', 'REU', '638'),
('Ruanda', 'RW', 'RWA', '646'),
('Rumania', 'RO', 'ROU', '642'),
('Rusia', 'RU', 'RUS', '643'),
('Samoa', 'WS', 'WSM', '882'),
('Samoa Americana', 'AS', 'ASM', '016'),
('San Bartolomé', 'BL', 'BLM', '652'),
('San Cristóbal y Nieves', 'KN', 'KNA', '659'),
('San Marino', 'SM', 'SMR', '674'),
('San Martín', 'MF', 'MAF', '534'),
('San Pedro y Miquelón', 'PM', 'SPM', '666'),
('San Vicente y las Granadinas', 'VC', 'VCT', '670'),
('Santa Lucía', 'LC', 'LCA', '662'),
('Santo Tomé y Príncipe', 'ST', 'STP', '678'),
('Senegal', 'SN', 'SEN', '686'),
('Serbia', 'RS', 'SRB', '688'),
('Seychelles', 'SC', 'SYC', '690'),
('Sierra Leona', 'SL', 'SLE', '694'),
('Singapur', 'SG', 'SGP', '702'),
('Sint Helena, Ascension and Tristan da Cunha', 'SH', 'SHN', '654'),
('Sint-Maarten', 'SX', 'SXM', '663'),
('Siria', 'SY', 'SYR', '760'),
('Somalia', 'SO', 'SOM', '706'),
('Sri Lanka', 'LK', 'LKA', '144'),
('eSwatani', 'SZ', 'SWZ', '748'),
('Sudáfrica', 'ZA', 'ZAF', '710'),
('Sudán', 'SD', 'SDN', '729'),
('Sudán del Sur', 'SS', 'SSD', '728'),
('Suecia', 'SE', 'SWE', '752'),
('Suiza', 'CH', 'CHE', '756'),
('Surinam', 'SR', 'SUR', '740'),
('Tailandia', 'TH', 'THA', '764'),
('Taiwan', 'TW', 'TWN', '158'),
('Tanzania', 'TZ', 'TZA', '834'),
('Tayikistán', 'TJ', 'TJK', '762'),
('Territorio Británico del Océano índico', 'IO', 'IOT', '086'),
('Tierras Australes y Antárticas Francesas', 'TF', 'ATF', '260'),
('Timor Oriental', 'TL', 'TLS', '626'),
('Togo', 'TG', 'TGO', '768'),
('Tokelau', 'TK', 'TKL', '772'),
('Tonga', 'TO', 'TON', '776'),
('Trinidad y Tobago', 'TT', 'TTO', '780'),
('Túnez', 'TN', 'TUN', '788'),
('Turkmenistán', 'TM', 'TKM', '795'),
('Turquía', 'TR', 'TUR', '792'),
('Tuvalu', 'TV', 'TUV', '798'),
('Ucrania', 'UA', 'UKR', '804'),
('Uganda', 'UG', 'UGA', '800'),
('Uruguay', 'UY', 'URY', '858'),
('Uzbekistán', 'UZ', 'UZB', '860'),
('Vanuatu', 'VU', 'VUT', '548'),
('Vaticano', 'VA', 'VAT', '336'),
('Venezuela', 'VE', 'VEN', '862'),
('Vietnam', 'VN', 'VNM', '704'),
('Wallis y Futuna', 'WF', 'WLF', '876'),
('Yemen', 'YE', 'YEM', '887'),
('Yibuti', 'DJ', 'DJI', '262'),
('Zambia', 'ZM', 'ZMB', '894'),
('Zimbabwe', 'ZW', 'ZWE', '716');

-- subdivisioncategories

INSERT INTO subdivisioncategories (id, description) VALUES (1, 'department');
INSERT INTO subdivisioncategories (id, description) VALUES (2, 'capital district');
INSERT INTO subdivisioncategories (id, description) VALUES (3, 'state');
INSERT INTO subdivisioncategories (id, description) VALUES (4, 'outlying area');
INSERT INTO subdivisioncategories (id, description) VALUES (5, 'district');

-- Colombia inserts

INSERT INTO stateorregions (code, name, country_id, subdivision_id, code3166) VALUES
('AMA', 'Amazonas', '170', 1, 'CO-AMA'),
('ANT', 'Antioquia', '170', 1, 'CO-ANT'),
('ARA', 'Arauca', '170', 1, 'CO-ARA'),
('ATL', 'Atlántico', '170', 1, 'CO-ATL'),
('BOL', 'Bolívar', '170', 1, 'CO-BOL'),
('BOY', 'Boyacá', '170', 1, 'CO-BOY'),
('CAL', 'Caldas', '170', 1, 'CO-CAL'),
('CAQ', 'Caquetá', '170', 1, 'CO-CAQ'),
('CAS', 'Casanare', '170', 1, 'CO-CAS'),
('CAU', 'Cauca', '170', 1, 'CO-CAU'),
('CES', 'Cesar', '170', 1, 'CO-CES'),
('CHO', 'Chocó', '170', 1, 'CO-CHO'),
('CUN', 'Cundinamarca', '170', 1, 'CO-CUN'),
('COR', 'Córdoba', '170', 1, 'CO-COR'),
('DC', 'Distrito Capital de Bogotá', '170', 2, 'CO-DC'),
('GUA', 'Guainía', '170', 1, 'CO-GUA'),
('GUV', 'Guaviare', '170', 1, 'CO-GUV'),
('HUI', 'Huila', '170', 1, 'CO-HUI'),
('LAG', 'La Guajira', '170', 1, 'CO-LAG'),
('MAG', 'Magdalena', '170', 1, 'CO-MAG'),
('MET', 'Meta', '170', 1, 'CO-MET'),
('NAR', 'Nariño', '170', 1, 'CO-NAR'),
('NSA', 'Norte de Santander', '170', 1, 'CO-NSA'),
('PUT', 'Putumayo', '170', 1, 'CO-PUT'),
('QUI', 'Quindío', '170', 1, 'CO-QUI'),
('RIS', 'Risaralda', '170', 1, 'CO-RIS'),
('SAP', 'San Andrés, Providencia y Santa Catalina', '170', 1, 'CO-SAP'),
('SAN', 'Santander', '170', 1, 'CO-SAN'),
('SUC', 'Sucre', '170', 1, 'CO-SUC'),
('TOL', 'Tolima', '170', 1, 'CO-TOL'),
('VAC', 'Valle del Cauca', '170', 1, 'CO-VAC'),
('VAU', 'Vaupés', '170', 1, 'CO-VAU'),
('VID', 'Vichada', '170', 1, 'CO-VID');

-- usa inserts

INSERT INTO stateorregions (code, name, country_id, subdivision_id, code3166) VALUES
('AL', 'Alabama', '840', 3, 'US-AL'),
('AK', 'Alaska', '840', 3, 'US-AK'),
('AS', 'American Samoa', '840', 4, 'US-AS'),
('AZ', 'Arizona', '840', 3, 'US-AZ'),
('AR', 'Arkansas', '840', 3, 'US-AR'),
('CA', 'California', '840', 3, 'US-CA'),
('CO', 'Colorado', '840', 3, 'US-CO'),
('CT', 'Connecticut', '840', 3, 'US-CT'),
('DE', 'Delaware', '840', 3, 'US-DE'),
('USDC', 'District of Columbia', '840', 5, 'US-DC'),
('FL', 'Florida', '840', 3, 'US-FL'),
('GA', 'Georgia', '840', 3, 'US-GA'),
('GU', 'Guam', '840', 4, 'US-GU'),
('HI', 'Hawaii', '840', 3, 'US-HI'),
('ID', 'Idaho', '840', 3, 'US-ID'),
('IL', 'Illinois', '840', 3, 'US-IL'),
('IN', 'Indiana', '840', 3, 'US-IN'),
('IA', 'Iowa', '840', 3, 'US-IA'),
('KS', 'Kansas', '840', 3, 'US-KS'),
('KY', 'Kentucky', '840', 3, 'US-KY'),
('LA', 'Louisiana', '840', 3, 'US-LA'),
('ME', 'Maine', '840', 3, 'US-ME'),
('MD', 'Maryland', '840', 3, 'US-MD'),
('MA', 'Massachusetts', '840', 3, 'US-MA'),
('MI', 'Michigan', '840', 3, 'US-MI'),
('MN', 'Minnesota', '840', 3, 'US-MN'),
('MS', 'Mississippi', '840', 3, 'US-MS'),
('MO', 'Missouri', '840', 3, 'US-MO'),
('MT', 'Montana', '840', 3, 'US-MT'),
('NE', 'Nebraska', '840', 3, 'US-NE'),
('NV', 'Nevada', '840', 3, 'US-NV'),
('NH', 'New Hampshire', '840', 3, 'US-NH'),
('NJ', 'New Jersey', '840', 3, 'US-NJ'),
('NM', 'New Mexico', '840', 3, 'US-NM'),
('NY', 'New York', '840', 3, 'US-NY'),
('NC', 'North Carolina', '840', 3, 'US-NC'),
('ND', 'North Dakota', '840', 3, 'US-ND'),
('MP', 'Northern Mariana Islands', '840', 4, 'US-MP'),
('OH', 'Ohio', '840', 3, 'US-OH'),
('OK', 'Oklahoma', '840', 3, 'US-OK'),
('OR', 'Oregon', '840', 3, 'US-OR'),
('PA', 'Pennsylvania', '840', 3, 'US-PA'),
('PR', 'Puerto Rico', '840', 4, 'US-PR'),
('RI', 'Rhode Island', '840', 3, 'US-RI'),
('SC', 'South Carolina', '840', 3, 'US-SC'),
('SD', 'South Dakota', '840', 3, 'US-SD'),
('TN', 'Tennessee', '840', 3, 'US-TN'),
('TX', 'Texas', '840', 3, 'US-TX'),
('UM', 'United States Minor Outlying Islands', '840', 4, 'US-UM'),
('UT', 'Utah', '840', 3, 'US-UT'),
('VT', 'Vermont', '840', 3, 'US-VT'),
('VI', 'Virgin Islands', '840', 4, 'US-VI'),
('VA', 'Virginia', '840', 3, 'US-VA'),
('WA', 'Washington', '840', 3, 'US-WA'),
('WV', 'West Virginia', '840', 3, 'US-WV'),
('WI', 'Wisconsin', '840', 3, 'US-WI'),
('WY', 'Wyoming', '840', 3, 'US-WY');

-- citiesormunicipalities inserts

INSERT INTO citiesormunicipalities (code, name, statereg_id) VALUES
('05001', 'MEDELLIN', 'ANT'),
('05002', 'ABEJORRAL', 'ANT'),
('05004', 'ABRIAQUI', 'ANT'),
('05021', 'ALEJANDRIA', 'ANT'),
('05030', 'AMAGA', 'ANT'),
('05031', 'AMALFI', 'ANT'),
('05034', 'ANDES', 'ANT'),
('05036', 'ANGELOPOLIS', 'ANT'),
('05038', 'ANGOSTURA', 'ANT'),
('05040', 'ANORI', 'ANT'),
('05044', 'SANTAFE DE ANTIOQUIA', 'ANT'),
('05045', 'ANZA', 'ANT'),
('05051', 'APARTADO', 'ANT'),
('05055', 'ARBOLETES', 'ANT'),
('05059', 'ARGELIA', 'ANT'),
('05079', 'ARMENIA', 'ANT'),
('05086', 'BARBOSA', 'ANT'),
('05088', 'BELMIRA', 'ANT'),
('05091', 'BELLO', 'ANT'),
('05101', 'BETANIA', 'ANT'),
('05107', 'BETULIA', 'ANT'),
('05113', 'CIUDAD BOLIVAR', 'ANT'),
('05120', 'BRICEÑO', 'ANT'),
('05125', 'BURITICA', 'ANT'),
('05129', 'CACERES', 'ANT'),
('05134', 'CAICEDO', 'ANT'),
('05138', 'CALDAS', 'ANT'),
('05142', 'CAMPAMENTO', 'ANT'),
('05145', 'CAÑASGORDAS', 'ANT'),
('05147', 'CARACOLI', 'ANT'),
('05148', 'CARAMANTA', 'ANT'),
('05150', 'CAREPA', 'ANT'),
('05154', 'CARMEN DE VIBORAL', 'ANT'),
('05172', 'CAROLINA', 'ANT'),
('05190', 'CAUCASIA', 'ANT'),
('05197', 'CHIGORODO', 'ANT'),
('05206', 'CISNEROS', 'ANT'),
('05209', 'COCORNA', 'ANT'),
('05212', 'CONCEPCION', 'ANT'),
('05234', 'CONCORDIA', 'ANT'),
('05237', 'COPACABANA', 'ANT'),
('05240', 'DABEIBA', 'ANT'),
('05250', 'DONMATIAS', 'ANT'),
('05264', 'EBEJICO', 'ANT'),
('05266', 'EL BAGRE', 'ANT'),
('05282', 'ENTRERRIOS', 'ANT'),
('05284', 'ENVIGADO', 'ANT'),
('05306', 'FREDONIA', 'ANT'),
('05308', 'FRONTINO', 'ANT'),
('05310', 'GIRALDO', 'ANT'),
('05313', 'GIRARDOTA', 'ANT'),
('05315', 'GOMEZ PLATA', 'ANT'),
('05318', 'GRANADA', 'ANT'),
('05321', 'GUADALUPE', 'ANT'),
('05323', 'GUARNE', 'ANT'),
('05325', 'GUATAPE', 'ANT'),
('05347', 'HELICONIA', 'ANT'),
('05353', 'HISPANIA', 'ANT'),
('05360', 'ITAGUI', 'ANT'),
('05361', 'ITUANGO', 'ANT'),
('05364', 'JARDIN', 'ANT'),
('05368', 'JERICO', 'ANT'),
('05376', 'LA CEJA', 'ANT'),
('05380', 'LA ESTRELLA', 'ANT'),
('05390', 'LA PINTADA', 'ANT'),
('05393', 'LA UNION', 'ANT'),
('05395', 'LIBORINA', 'ANT'),
('05400', 'MACEO', 'ANT'),
('05411', 'MARINILLA', 'ANT'),
('05425', 'MONTEBELLO', 'ANT'),
('05440', 'MURINDO', 'ANT'),
('05442', 'MUTATA', 'ANT'),
('05445', 'NARIÑO', 'ANT'),
('05467', 'NECOCLI', 'ANT'),
('05475', 'NECHI', 'ANT'),
('05480', 'OLAYA', 'ANT'),
('05483', 'PEÑOL', 'ANT'),
('05490', 'PEQUE', 'ANT'),
('05501', 'PUEBLORRICO', 'ANT'),
('05541', 'PUERTO BERRIO', 'ANT'),
('05543', 'PUERTO NARE', 'ANT'),
('05545', 'PUERTO TRIUNFO', 'ANT'),
('05576', 'REMEDIOS', 'ANT'),
('05579', 'RETIRO', 'ANT'),
('05585', 'RIONEGRO', 'ANT'),
('05591', 'SABANALARGA', 'ANT'),
('05593', 'SABANETA', 'ANT'),
('05596', 'SALGAR', 'ANT'),
('05604', 'SAN ANDRES DE CUERQUIA', 'ANT'),
('05607', 'SAN CARLOS', 'ANT'),
('05615', 'SAN FRANCISCO', 'ANT'),
('05628', 'SAN JERONIMO', 'ANT'),
('05631', 'SAN JOSE DE LA MONTAÑA', 'ANT'),
('05642', 'SAN JUAN DE URABA', 'ANT'),
('05647', 'SAN LUIS', 'ANT'),
('05649', 'SAN PEDRO', 'ANT'),
('05652', 'SAN PEDRO DE URABA', 'ANT'),
('05656', 'SAN RAFAEL', 'ANT'),
('05658', 'SAN ROQUE', 'ANT'),
('05659', 'SAN VICENTE', 'ANT'),
('05660', 'SANTA BARBARA', 'ANT'),
('05664', 'SANTA ROSA DE OSOS', 'ANT'),
('05665', 'SANTO DOMINGO', 'ANT'),
('05667', 'EL SANTUARIO', 'ANT'),
('05670', 'SEGOVIA', 'ANT'),
('05674', 'SONSON', 'ANT'),
('05679', 'SOPETRAN', 'ANT'),
('05686', 'TAMESIS', 'ANT'),
('05690', 'TARAZA', 'ANT'),
('05697', 'TARSO', 'ANT'),
('05703', 'TITIRIBI', 'ANT'),
('05709', 'TOLEDO', 'ANT'),
('05736', 'TURBO', 'ANT'),
('05756', 'URAMITA', 'ANT'),
('05761', 'URRAO', 'ANT'),
('05789', 'VALDIVIA', 'ANT'),
('05790', 'VALPARAISO', 'ANT'),
('05792', 'VEGACHI', 'ANT'),
('05809', 'VENECIA', 'ANT'),
('05819', 'VIGIA DEL FUERTE', 'ANT'),
('05837', 'YALI', 'ANT'),
('05842', 'YARUMAL', 'ANT'),
('05847', 'YOLOMBO', 'ANT'),
('05854', 'YONDO', 'ANT'),
('05856', 'ZARAGOZA', 'ANT');

INSERT INTO citiesormunicipalities (code, name, statereg_id) VALUES
('08001', 'BARRANQUILLA', 'ATL'),
('08078', 'BARANOA', 'ATL'),
('08137', 'CAMPO DE LA CRUZ', 'ATL'),
('08141', 'CANDELARIA', 'ATL'),
('08296', 'GALAPA', 'ATL'),
('08372', 'JUAN DE ACOSTA', 'ATL'),
('08421', 'LURUACO', 'ATL'),
('08433', 'MALAMBO', 'ATL'),
('08436', 'MANATI', 'ATL'),
('08520', 'PALMAR DE VARELA', 'ATL'),
('08549', 'PIOJO', 'ATL'),
('08558', 'POLONUEVO', 'ATL'),
('08560', 'PONEDERA', 'ATL'),
('08573', 'PUERTO COLOMBIA', 'ATL'),
('08606', 'REPELON', 'ATL'),
('08634', 'SABANAGRANDE', 'ATL'),
('08638', 'SABANALARGA', 'ATL'),
('08675', 'SANTA LUCIA', 'ATL'),
('08685', 'SANTO TOMAS', 'ATL'),
('08758', 'SOLEDAD', 'ATL'),
('08770', 'SUAN', 'ATL'),
('08832', 'TUBARA', 'ATL'),
('08849', 'USIACURI', 'ATL');

INSERT INTO citiesormunicipalities (code, name, statereg_id) VALUES
('11001', 'BOGOTÁ', 'DC');

INSERT INTO citiesormunicipalities (code, name, statereg_id) VALUES
('13001', 'CARTAGENA', 'BOL'),
('13006', 'ACHI', 'BOL'),
('13030', 'ALTOS DEL ROSARIO', 'BOL'),
('13042', 'ARENAL', 'BOL'),
('13052', 'ARJONA', 'BOL'),
('13062', 'ARROYOHONDO', 'BOL'),
('13074', 'BARRANCO DE LOBA', 'BOL'),
('13140', 'CALAMAR', 'BOL'),
('13160', 'CANTAGALLO', 'BOL'),
('13188', 'CICUCO', 'BOL'),
('13212', 'CORDOBA', 'BOL'),
('13222', 'CLEMENCIA', 'BOL'),
('13244', 'EL CARMEN DE BOLIVAR', 'BOL'),
('13248', 'EL GUAMO', 'BOL'),
('13268', 'EL PEÑON', 'BOL'),
('13300', 'HATILLO DE LOBA', 'BOL'),
('13430', 'MAGANGUE', 'BOL'),
('13433', 'MAHATES', 'BOL'),
('13440', 'MARGARITA', 'BOL'),
('13442', 'MARIA LA BAJA', 'BOL'),
('13458', 'MONTECRISTO', 'BOL'),
('13468', 'MOMPOS', 'BOL'),
('13473', 'MORALES', 'BOL'),
('13549', 'PINILLOS', 'BOL'),
('13580', 'REGIDOR', 'BOL'),
('13600', 'RIO VIEJO', 'BOL'),
('13620', 'SAN CRISTOBAL', 'BOL'),
('13647', 'SAN ESTANISLAO', 'BOL'),
('13650', 'SAN FERNANDO', 'BOL'),
('13654', 'SAN JACINTO', 'BOL'),
('13655', 'SAN JACINTO DEL CAUCA', 'BOL'),
('13657', 'SAN JUAN NEPOMUCENO', 'BOL'),
('13667', 'SAN MARTIN DE LOBA', 'BOL'),
('13670', 'SAN PABLO', 'BOL'),
('13673', 'SANTA CATALINA', 'BOL'),
('13683', 'SANTA ROSA', 'BOL'),
('13688', 'SANTA ROSA DEL SUR', 'BOL'),
('13744', 'SIMITI', 'BOL'),
('13760', 'SOPLAVIENTO', 'BOL'),
('13780', 'TALAIGUA NUEVO', 'BOL'),
('13810', 'TIQUISIO', 'BOL'),
('13836', 'TURBACO', 'BOL'),
('13838', 'TURBANA', 'BOL'),
('13873', 'VILLANUEVA', 'BOL'),
('13894', 'ZAMBRANO', 'BOL');

INSERT INTO citiesormunicipalities (code, name, statereg_id) VALUES
('15001', 'TUNJA', 'BOY'),
('15022', 'ALMEIDA', 'BOY'),
('15047', 'AQUITANIA', 'BOY'),
('15051', 'ARCABUCO', 'BOY'),
('15087', 'BELÉN', 'BOY'),
('15090', 'BERBEO', 'BOY'),
('15092', 'BETÉITIVA', 'BOY'),
('15097', 'BOAVITA', 'BOY'),
('15104', 'BOYACÁ', 'BOY'),
('15106', 'BRICEÑO', 'BOY'),
('15109', 'BUENAVISTA', 'BOY'),
('15114', 'BUSBANZÁ', 'BOY'),
('15131', 'CALDAS', 'BOY'),
('15135', 'CAMPÓHERMOSO', 'BOY'),
('15162', 'CERINZA', 'BOY'),
('15172', 'CHINAVITA', 'BOY'),
('15176', 'CHIQUINQUIRÁ', 'BOY'),
('15180', 'CHISCAS', 'BOY'),
('15183', 'CHITA', 'BOY'),
('15185', 'CHITARAQUE', 'BOY'),
('15187', 'CHIVATÁ', 'BOY'),
('15189', 'CIÉNEGA', 'BOY'),
('15204', 'CÓMBITA', 'BOY'),
('15212', 'COPER', 'BOY'),
('15215', 'CORRALES', 'BOY'),
('15218', 'COVARACHÍA', 'BOY'),
('15223', 'CUBARÁ', 'BOY'),
('15224', 'CUCAITA', 'BOY'),
('15226', 'CUÍTIVA', 'BOY'),
('15232', 'CHIQUÍZA', 'BOY'),
('15236', 'CHIVOR', 'BOY'),
('15238', 'DUITAMA', 'BOY'),
('15244', 'EL COCUY', 'BOY'),
('15248', 'EL ESPINO', 'BOY'),
('15272', 'FIRAVITOBA', 'BOY'),
('15276', 'FLORESTA', 'BOY'),
('15293', 'GACHANTIVÁ', 'BOY'),
('15296', 'GÁMEZA', 'BOY'),
('15299', 'GARAGOA', 'BOY'),
('15317', 'GUACAMAYAS', 'BOY'),
('15322', 'GUATEQUE', 'BOY'),
('15325', 'GUAYATÁ', 'BOY'),
('15332', 'GÜICÁN', 'BOY'),
('15362', 'IZA', 'BOY'),
('15367', 'JENESANO', 'BOY'),
('15368', 'JERICÓ', 'BOY'),
('15377', 'LABRANZAGRANDE', 'BOY'),
('15380', 'LA CAPILLA', 'BOY'),
('15401', 'LA VICTORIA', 'BOY'),
('15403', 'LA UVITA', 'BOY'),
('15407', 'VILLA DE LEYVA', 'BOY'),
('15425', 'MACANAL', 'BOY'),
('15442', 'MARIPÍ', 'BOY'),
('15455', 'MIRAFLORES', 'BOY'),
('15464', 'MONGUA', 'BOY'),
('15466', 'MONGUÍ', 'BOY'),
('15469', 'MONIQUIRÁ', 'BOY'),
('15476', 'MOTAVITA', 'BOY'),
('15480', 'MUZO', 'BOY'),
('15491', 'NOBSA', 'BOY'),
('15494', 'NUEVO COLÓN', 'BOY'),
('15500', 'OICATÁ', 'BOY'),
('15507', 'OTANCHE', 'BOY'),
('15511', 'PACHAVITA', 'BOY'),
('15514', 'PÁEZ', 'BOY'),
('15516', 'PAIPA', 'BOY'),
('15518', 'PAJARITO', 'BOY'),
('15522', 'PANQUEBA', 'BOY'),
('15531', 'PAUNA', 'BOY'),
('15533', 'PAYA', 'BOY'),
('15537', 'PAZ DE RÍO', 'BOY'),
('15542', 'PESCA', 'BOY'),
('15550', 'PISBA', 'BOY'),
('15572', 'PUERTO BOYACÁ', 'BOY'),
('15580', 'QUÍPAMA', 'BOY'),
('15599', 'RAMIRIQUÍ', 'BOY'),
('15600', 'RÁQUIRA', 'BOY'),
('15621', 'RONDÓN', 'BOY'),
('15632', 'SABOYÁ', 'BOY'),
('15638', 'SÁCHICA', 'BOY'),
('15646', 'SAMACÁ', 'BOY'),
('15660', 'SAN EDUARDO', 'BOY'),
('15664', 'SAN JOSÉ DE PARE', 'BOY'),
('15667', 'SAN LUIS DE GACENO', 'BOY'),
('15673', 'SAN MATEO', 'BOY'),
('15676', 'SAN MIGUEL DE SEMA', 'BOY'),
('15681', 'SAN PABLO DE BORBUR', 'BOY'),
('15686', 'SANTANA', 'BOY'),
('15690', 'SANTA MARÍA', 'BOY'),
('15693', 'SANTA ROSA DE VITERBO', 'BOY'),
('15696', 'SANTA SOFÍA', 'BOY'),
('15720', 'SATIVANORTE', 'BOY'),
('15723', 'SATIVASUR', 'BOY'),
('15740', 'SIACHOQUE', 'BOY'),
('15753', 'SOATÁ', 'BOY'),
('15755', 'SOCOTÁ', 'BOY'),
('15757', 'SOCHA', 'BOY'),
('15759', 'SOGAMOSO', 'BOY'),
('15761', 'SOMONDOCO', 'BOY'),
('15762', 'SORA', 'BOY'),
('15763', 'SOTAQUIRÁ', 'BOY'),
('15764', 'SORACÁ', 'BOY'),
('15774', 'SUSACÓN', 'BOY'),
('15776', 'SUTAMARCHÁN', 'BOY'),
('15778', 'SUTATENZA', 'BOY'),
('15790', 'TASCO', 'BOY'),
('15798', 'TENZA', 'BOY'),
('15804', 'TIBANÁ', 'BOY'),
('15806', 'TIBASOSA', 'BOY'),
('15808', 'TINJACÁ', 'BOY'),
('15810', 'TIPACOQUE', 'BOY'),
('15814', 'TOCA', 'BOY'),
('15816', 'TOGÜÍ', 'BOY'),
('15820', 'TÓPAGA', 'BOY'),
('15822', 'TOTA', 'BOY'),
('15832', 'TUNUNGUÁ', 'BOY'),
('15835', 'TURMEQUÉ', 'BOY'),
('15837', 'TUTA', 'BOY'),
('15839', 'TUTAZÁ', 'BOY'),
('15842', 'ÚMBITA', 'BOY'),
('15861', 'VENTAQUEMADA', 'BOY'),
('15879', 'VIRACACHÁ', 'BOY'),
('15897', 'ZETAQUIRA', 'BOY');

INSERT INTO citiesormunicipalities (code, name, statereg_id) VALUES
('17001', 'MANIZALES', 'CAL'),
('17013', 'AGUADAS', 'CAL'),
('17042', 'ANSERMA', 'CAL'),
('17050', 'ARANZAZU', 'CAL'),
('17088', 'BELALCAZAR', 'CAL'),
('17174', 'CHINCHINA', 'CAL'),
('17272', 'FILADELFIA', 'CAL'),
('17380', 'LA DORADA', 'CAL'),
('17388', 'LA MERCED', 'CAL'),
('17433', 'MANZANARES', 'CAL'),
('17442', 'MARMATO', 'CAL'),
('17444', 'MARQUETALIA', 'CAL'),
('17446', 'MARULANDA', 'CAL'),
('17486', 'NEIRA', 'CAL'),
('17495', 'NORCASIA', 'CAL'),
('17513', 'PACORA', 'CAL'),
('17524', 'PALESTINA', 'CAL'),
('17541', 'PENSILVANIA', 'CAL'),
('17614', 'RIOSUCIO', 'CAL'),
('17616', 'RISARALDA', 'CAL'),
('17653', 'SALAMINA', 'CAL'),
('17662', 'SAMANA', 'CAL'),
('17665', 'SAN JOSE', 'CAL'),
('17777', 'SUPIA', 'CAL'),
('17867', 'VICTORIA', 'CAL'),
('17873', 'VILLAMARIA', 'CAL'),
('17877', 'VITERBO', 'CAL');

INSERT INTO citiesormunicipalities (code, name, statereg_id) VALUES
('18001', 'FLORENCIA', 'CAQ'),
('18029', 'ALBANIA', 'CAQ'),
('18094', 'BELEN DE LOS ANDAQUIES', 'CAQ'),
('18150', 'CARTAGENA DEL CHAIRA', 'CAQ'),
('18205', 'CURILLO', 'CAQ'),
('18247', 'EL DONCELLO', 'CAQ'),
('18256', 'EL PAUJIL', 'CAQ'),
('18410', 'LA MONTAÑITA', 'CAQ'),
('18460', 'MILAN', 'CAQ'),
('18479', 'MORELIA', 'CAQ'),
('18592', 'PUERTO RICO', 'CAQ'),
('18610', 'SAN JOSE DE LA FRAGUA', 'CAQ'),
('18753', 'SAN VICENTE DEL CAGUAN', 'CAQ'),
('18756', 'SOLANO', 'CAQ'),
('18785', 'SOLITA', 'CAQ'),
('18860', 'VALPARAISO', 'CAQ');

INSERT INTO citiesormunicipalities (code, name, statereg_id) VALUES
('19001', 'POPAYÁN', 'CAU'),
('19022', 'ALMAGUER', 'CAU'),
('19050', 'ARGELIA', 'CAU'),
('19075', 'BALBOA', 'CAU'),
('19100', 'BOLÍVAR', 'CAU'),
('19110', 'BUENOS AIRES', 'CAU'),
('19130', 'CAJIBÍO', 'CAU'),
('19137', 'CALDONO', 'CAU'),
('19142', 'CALOTO', 'CAU'),
('19212', 'CORINTO', 'CAU'),
('19256', 'EL TAMBO', 'CAU'),
('19290', 'FLORENCIA', 'CAU'),
('19318', 'GUAPI', 'CAU'),
('19355', 'INZÁ', 'CAU'),
('19364', 'JAMBALÓ', 'CAU'),
('19392', 'LA SIERRA', 'CAU'),
('19397', 'LA VEGA', 'CAU'),
('19418', 'LÓPEZ', 'CAU'),
('19450', 'MERCADERES', 'CAU'),
('19455', 'MIRANDA', 'CAU'),
('19473', 'MORALES', 'CAU'),
('19513', 'PADILLA', 'CAU'),
('19517', 'PÁEZ', 'CAU'),
('19532', 'PATÍA', 'CAU'),
('19533', 'PIAMONTE', 'CAU'),
('19548', 'PIENDAMÓ', 'CAU'),
('19573', 'PUERTO TEJADA', 'CAU'),
('19585', 'PURACÉ', 'CAU'),
('19622', 'ROSAS', 'CAU'),
('19693', 'SAN SEBASTIÁN', 'CAU'),
('19698', 'SANTANDER DE QUILICHAO', 'CAU'),
('19701', 'SANTA ROSA', 'CAU'),
('19743', 'SILVIA', 'CAU'),
('19760', 'SOTARÁ', 'CAU'),
('19780', 'SUÁREZ', 'CAU'),
('19785', 'SUCRE', 'CAU'),
('19807', 'TIMBÍO', 'CAU'),
('19809', 'TIMBIQUÍ', 'CAU'),
('19821', 'TORIBÍO', 'CAU'),
('19824', 'TOTORÓ', 'CAU'),
('19845', 'VILLA RICA', 'CAU');

INSERT INTO citiesormunicipalities (code, name, statereg_id) VALUES
('20001', 'VALLEDUPAR', 'CES'),
('20011', 'AGUACHICA', 'CES'),
('20013', 'AGUSTIN CODAZZI', 'CES'),
('20032', 'ASTREA', 'CES'),
('20045', 'BECERRIL', 'CES'),
('20060', 'BOSCONIA', 'CES'),
('20175', 'CHIMICHAGUA', 'CES'),
('20178', 'CHIRIGUANA', 'CES'),
('20228', 'CURUMANI', 'CES'),
('20238', 'EL COPEY', 'CES'),
('20250', 'EL PASO', 'CES'),
('20295', 'GAMARRA', 'CES'),
('20310', 'GONZALEZ', 'CES'),
('20383', 'LA GLORIA', 'CES'),
('20400', 'LA JAGUA DE IBIRICO', 'CES'),
('20443', 'MANAURE', 'CES'),
('20517', 'PAILITAS', 'CES'),
('20550', 'PELAYA', 'CES'),
('20570', 'PUEBLO BELLO', 'CES'),
('20614', 'RIO DE ORO', 'CES'),
('20621', 'LA PAZ', 'CES'),
('20710', 'SAN ALBERTO', 'CES'),
('20750', 'SAN DIEGO', 'CES'),
('20770', 'SAN MARTIN', 'CES'),
('20787', 'TAMALAMEQUE', 'CES');

INSERT INTO citiesormunicipalities (code, name, statereg_id) VALUES
('23001', 'MONTERIA', 'COR'),
('23068', 'AYAPEL', 'COR'),
('23079', 'BUENAVISTA', 'COR'),
('23090', 'CANALETE', 'COR'),
('23162', 'CERETE', 'COR'),
('23168', 'CHIMA', 'COR'),
('23182', 'CHINU', 'COR'),
('23189', 'CIENAGA DE ORO', 'COR'),
('23300', 'COTORRA', 'COR'),
('23350', 'LA APARTADA', 'COR'),
('23417', 'LORICA', 'COR'),
('23419', 'LOS CORDOBAS', 'COR'),
('23464', 'MOMIL', 'COR'),
('23466', 'MONTELIBANO', 'COR'),
('23500', 'MOÑITOS', 'COR'),
('23555', 'PLANETA RICA', 'COR'),
('23570', 'PUEBLO NUEVO', 'COR'),
('23574', 'PUERTO ESCONDIDO', 'COR'),
('23580', 'PUERTO LIBERTADOR', 'COR'),
('23586', 'PURISIMA', 'COR'),
('23660', 'SAHAGUN', 'COR'),
('23670', 'SAN ANDRES DE SOTAVENTO', 'COR'),
('23672', 'SAN ANTERO', 'COR'),
('23675', 'SAN BERNARDO DEL VIENTO', 'COR'),
('23678', 'SAN CARLOS', 'COR'),
('23686', 'SAN PELAYO', 'COR'),
('23807', 'TIERRALTA', 'COR'),
('23855', 'VALENCIA', 'COR');

INSERT INTO citiesormunicipalities (code, name, statereg_id) VALUES
('25001', 'AGUA DE DIOS', 'CUN'),
('25019', 'ALBÁN', 'CUN'),
('25035', 'ANAPOIMA', 'CUN'),
('25040', 'ANOLAIMA', 'CUN'),
('25053', 'ARBELÁEZ', 'CUN'),
('25086', 'BELTRÁN', 'CUN'),
('25095', 'BITUIMA', 'CUN'),
('25099', 'BOJACÁ', 'CUN'),
('25120', 'CABRERA', 'CUN'),
('25123', 'CACHIPAY', 'CUN'),
('25126', 'CAJICÁ', 'CUN'),
('25148', 'CAPARRAPÍ', 'CUN'),
('25151', 'CAQUEZA', 'CUN'),
('25154', 'CARMEN DE CARUPA', 'CUN'),
('25168', 'CHAGUANÍ', 'CUN'),
('25175', 'CHÍA', 'CUN'),
('25178', 'CHIPAQUE', 'CUN'),
('25181', 'CHOACHÍ', 'CUN'),
('25183', 'CHOCONTÁ', 'CUN'),
('25200', 'COGUA', 'CUN'),
('25214', 'COTA', 'CUN'),
('25224', 'CUCUNUBÁ', 'CUN'),
('25245', 'EL COLEGIO', 'CUN'),
('25258', 'EL PEÑÓN', 'CUN'),
('25260', 'EL ROSAL', 'CUN'),
('25269', 'FACATATIVÁ', 'CUN'),
('25279', 'FÓMEQUE', 'CUN'),
('25281', 'FOSCA', 'CUN'),
('25286', 'FUNZA', 'CUN'),
('25288', 'FUQUENÉ', 'CUN'),
('25290', 'FUSAGASUGÁ', 'CUN'),
('25293', 'GACHALÁ', 'CUN'),
('25295', 'GACHANCIPÁ', 'CUN'),
('25297', 'GACHETÁ', 'CUN'),
('25299', 'GAMA', 'CUN'),
('25307', 'GIRARDOT', 'CUN'),
('25312', 'GRANADA', 'CUN'),
('25317', 'GUACHETÁ', 'CUN'),
('25320', 'GUADUAS', 'CUN'),
('25322', 'GUASCA', 'CUN'),
('25324', 'GUATAQUÍ', 'CUN'),
('25326', 'GUATAVITA', 'CUN'),
('25328', 'GUAYABAL DE SÍQUIMA', 'CUN'),
('25335', 'GUAYABETAL', 'CUN'),
('25339', 'GUTIÉRREZ', 'CUN'),
('25368', 'JERUSALÉN', 'CUN'),
('25372', 'JUNÍN', 'CUN'),
('25377', 'LA CALERA', 'CUN'),
('25386', 'LA MESA', 'CUN'),
('25394', 'LA PALMA', 'CUN'),
('25398', 'LA PEÑA', 'CUN'),
('25402', 'LA VEGA', 'CUN'),
('25407', 'LENGUAZAQUE', 'CUN'),
('25426', 'MACHETÁ', 'CUN'),
('25430', 'MADRID', 'CUN'),
('25436', 'MANTA', 'CUN'),
('25438', 'MEDINA', 'CUN'),
('25473', 'MOSQUERA', 'CUN'),
('25483', 'NARIÑO', 'CUN'),
('25486', 'NEMOCÓN', 'CUN'),
('25488', 'NILO', 'CUN'),
('25489', 'NIMAIMA', 'CUN'),
('25491', 'NOCAIMA', 'CUN'),
('25506', 'VENECIA', 'CUN'),
('25513', 'PACHO', 'CUN'),
('25518', 'PAIME', 'CUN'),
('25524', 'PANDÍ', 'CUN'),
('25530', 'PARATEBUENO', 'CUN'),
('25535', 'PASCA', 'CUN'),
('25572', 'PUERTO SALGAR', 'CUN'),
('25580', 'PULÍ', 'CUN'),
('25592', 'QUEBRADANEGRA', 'CUN'),
('25594', 'QUETAME', 'CUN'),
('25596', 'QUIPILE', 'CUN'),
('25599', 'APULO', 'CUN'),
('25612', 'RICAURTE', 'CUN'),
('25645', 'SAN ANTONIO DEL TEQUENDAMA', 'CUN'),
('25649', 'SAN BERNARDO', 'CUN'),
('25653', 'SAN CAYETANO', 'CUN'),
('25658', 'SAN FRANCISCO', 'CUN'),
('25662', 'SAN JUAN DE RÍO SECO', 'CUN'),
('25718', 'SASAIMA', 'CUN'),
('25736', 'SESQUILÉ', 'CUN'),
('25740', 'SIBATÉ', 'CUN'),
('25743', 'SILVANIA', 'CUN'),
('25745', 'SIMIJACÁ', 'CUN'),
('25754', 'SOACHA', 'CUN'),
('25758', 'SOPÓ', 'CUN'),
('25769', 'SUBACHOQUE', 'CUN'),
('25772', 'SUESCA', 'CUN'),
('25777', 'SUPATÁ', 'CUN'),
('25779', 'SUSA', 'CUN'),
('25781', 'SUTATAUSA', 'CUN'),
('25785', 'TABIO', 'CUN'),
('25793', 'TAUSA', 'CUN'),
('25797', 'TENA', 'CUN'),
('25799', 'TENJO', 'CUN'),
('25805', 'TIBACUY', 'CUN'),
('25807', 'TIBIRITA', 'CUN'),
('25815', 'TOCAIMA', 'CUN'),
('25817', 'TOCANCIPÁ', 'CUN'),
('25823', 'TOPAIPÍ', 'CUN'),
('25839', 'UBALÁ', 'CUN'),
('25841', 'UBAQUE', 'CUN'),
('25843', 'VILLA DE SAN DIEGO DE UBATÉ', 'CUN'),
('25845', 'UNE', 'CUN'),
('25851', 'ÚTICA', 'CUN'),
('25862', 'VERGARA', 'CUN'),
('25867', 'VIANÍ', 'CUN'),
('25871', 'VILLAGÓMEZ', 'CUN'),
('25873', 'VILLAPINZÓN', 'CUN'),
('25875', 'VILLETA', 'CUN'),
('25878', 'VIOTÁ', 'CUN'),
('25885', 'YACOPÍ', 'CUN'),
('25898', 'ZIPACÓN', 'CUN'),
('25899', 'ZIPAQUIRÁ', 'CUN');

INSERT INTO citiesormunicipalities (code, name, statereg_id) VALUES
('27001', 'QUIBDÓ', 'CHO'),
('27006', 'ACANDÍ', 'CHO'),
('27025', 'ALTO BAUDÓ', 'CHO'),
('27050', 'ATRATO', 'CHO'),
('27073', 'BAGADÓ', 'CHO'),
('27075', 'BAHÍA SOLANO', 'CHO'),
('27077', 'BAJO BAUDÓ', 'CHO'),
('27086', 'BELÉN DE BAJIRÁ', 'CHO'),
('27099', 'BOJAYÁ', 'CHO'),
('27135', 'EL CANTÓN DEL SAN PABLO', 'CHO'),
('27150', 'CARMEN DEL DARIÉN', 'CHO'),
('27160', 'CERTEGUÍ', 'CHO'),
('27205', 'CONDOTO', 'CHO'),
('27245', 'EL CARMEN DE ATRATO', 'CHO'),
('27250', 'EL LITORAL DEL SAN JUAN', 'CHO'),
('27361', 'ISTMINA', 'CHO'),
('27372', 'JURADÓ', 'CHO'),
('27413', 'LLORÓ', 'CHO'),
('27425', 'MEDIO ATRATO', 'CHO'),
('27430', 'MEDIO BAUDÓ', 'CHO'),
('27450', 'MEDIO SAN JUAN', 'CHO'),
('27491', 'NÓVITA', 'CHO'),
('27495', 'NUQUÍ', 'CHO'),
('27580', 'RÍO IRÓ', 'CHO'),
('27600', 'RÍO QUITO', 'CHO'),
('27615', 'RIOSUCIO', 'CHO'),
('27660', 'SAN JOSÉ DEL PALMAR', 'CHO'),
('27745', 'SIPÍ', 'CHO'),
('27787', 'TADÓ', 'CHO'),
('27800', 'UNGUÍA', 'CHO'),
('27810', 'UNIÓN PANAMERICANA', 'CHO');

INSERT INTO citiesormunicipalities (code, name, statereg_id) VALUES
('41001', 'NEIVA', 'HUI'),
('41006', 'ACEVEDO', 'HUI'),
('41013', 'AGRADO', 'HUI'),
('41016', 'AIPE', 'HUI'),
('41020', 'ALGECIRAS', 'HUI'),
('41026', 'ALTAMIRA', 'HUI'),
('41078', 'BARAYA', 'HUI'),
('41132', 'CAMPOALEGRE', 'HUI'),
('41206', 'COLOMBIA', 'HUI'),
('41244', 'ELIAS', 'HUI'),
('41298', 'GARZON', 'HUI'),
('41306', 'GIGANTE', 'HUI'),
('41319', 'GUADALUPE', 'HUI'),
('41349', 'HOBO', 'HUI'),
('41357', 'IQUIRA', 'HUI'),
('41359', 'ISNOS', 'HUI'),
('41378', 'LA ARGENTINA', 'HUI'),
('41396', 'LA PLATA', 'HUI'),
('41483', 'NATAGA', 'HUI'),
('41503', 'OPORAPA', 'HUI'),
('41518', 'PAICOL', 'HUI'),
('41524', 'PALERMO', 'HUI'),
('41530', 'PALESTINA', 'HUI'),
('41548', 'PITAL', 'HUI'),
('41551', 'PITALITO', 'HUI'),
('41615', 'RIVERA', 'HUI'),
('41660', 'SALADOBLANCO', 'HUI'),
('41668', 'SAN AGUSTIN', 'HUI'),
('41676', 'SANTA MARIA', 'HUI'),
('41770', 'SUAZA', 'HUI'),
('41791', 'TARQUI', 'HUI'),
('41797', 'TESALIA', 'HUI'),
('41799', 'TELLO', 'HUI'),
('41801', 'TERUEL', 'HUI'),
('41807', 'TIMANA', 'HUI'),
('41872', 'VILLAVIEJA', 'HUI'),
('41885', 'YAGUARA', 'HUI');

INSERT INTO citiesormunicipalities (code, name, statereg_id) VALUES
('44001', 'RIOHACHA', 'LAG'),
('44035', 'ALBANIA', 'LAG'),
('44078', 'BARRANCAS', 'LAG'),
('44090', 'DIBULLA', 'LAG'),
('44098', 'DISTRACCION', 'LAG'),
('44110', 'EL MOLINO', 'LAG'),
('44279', 'FONSECA', 'LAG'),
('44378', 'HATONUEVO', 'LAG'),
('44420', 'LA JAGUA DEL PILAR', 'LAG'),
('44430', 'MAICAO', 'LAG'),
('44560', 'MANAURE', 'LAG'),
('44650', 'SAN JUAN DEL CESAR', 'LAG'),
('44847', 'URIBIA', 'LAG'),
('44855', 'URUMITA', 'LAG'),
('44874', 'VILLANUEVA', 'LAG');

INSERT INTO citiesormunicipalities (code, name, statereg_id) VALUES
('47001', 'SANTA MARTA', 'MAG'),
('47030', 'ALGARROBO', 'MAG'),
('47053', 'ARACATACA', 'MAG'),
('47058', 'ARIGUANI', 'MAG'),
('47161', 'CERRO SAN ANTONIO', 'MAG'),
('47170', 'CHIVOLO', 'MAG'),
('47189', 'CIENAGA', 'MAG'),
('47205', 'CONCORDIA', 'MAG'),
('47245', 'EL BANCO', 'MAG'),
('47258', 'EL PIÑON', 'MAG'),
('47268', 'EL RETEN', 'MAG'),
('47288', 'FUNDACION', 'MAG'),
('47318', 'GUAMAL', 'MAG'),
('47460', 'NUEVA GRANADA', 'MAG'),
('47541', 'PEDRAZA', 'MAG'),
('47545', 'PIJIÑO DEL CARMEN', 'MAG'),
('47551', 'PIVIJAY', 'MAG'),
('47555', 'PLATO', 'MAG'),
('47570', 'PUEBLOVIEJO', 'MAG'),
('47605', 'REMOLINO', 'MAG'),
('47660', 'SABANAS DE SAN ANGEL', 'MAG'),
('47675', 'SALAMINA', 'MAG'),
('47692', 'SAN SEBASTIAN', 'MAG'),
('47703', 'SAN ZENON', 'MAG'),
('47707', 'SANTA ANA', 'MAG'),
('47720', 'SANTA BARBARA DE PINTO', 'MAG'),
('47745', 'SITIONUEVO', 'MAG'),
('47798', 'TENERIFE', 'MAG'),
('47960', 'ZAPAYAN', 'MAG'),
('47980', 'ZONA BANANERA', 'MAG');

INSERT INTO citiesormunicipalities (code, name, statereg_id) VALUES
('50001', 'VILLAVICENCIO', 'MET'),
('50006', 'ACACIAS', 'MET'),
('50110', 'BARRANCA DE UPIA', 'MET'),
('50124', 'CABUYARO', 'MET'),
('50150', 'CASTILLA LA NUEVA', 'MET'),
('50223', 'CUBARRAL', 'MET'),
('50226', 'CUMARAL', 'MET'),
('50245', 'EL CALVARIO', 'MET'),
('50251', 'EL CASTILLO', 'MET'),
('50270', 'EL DORADO', 'MET'),
('50287', 'FUENTE DE ORO', 'MET'),
('50313', 'GRANADA', 'MET'),
('50318', 'GUAMAL', 'MET'),
('50325', 'MAPIRIPAN', 'MET'),
('50330', 'MESETAS', 'MET'),
('50350', 'LA MACARENA', 'MET'),
('50370', 'URIBE', 'MET'),
('50400', 'LEJANIAS', 'MET'),
('50450', 'PUERTO CONCORDIA', 'MET'),
('50568', 'PUERTO GAITAN', 'MET'),
('50573', 'PUERTO LOPEZ', 'MET'),
('50577', 'PUERTO LLERAS', 'MET'),
('50590', 'PUERTO RICO', 'MET'),
('50606', 'RESTREPO', 'MET'),
('50680', 'SAN CARLOS DE GUAROA', 'MET'),
('50683', 'SAN JUAN DE ARAMA', 'MET'),
('50686', 'SAN JUANITO', 'MET'),
('50689', 'SAN MARTIN', 'MET'),
('50711', 'VISTA HERMOSA', 'MET');

INSERT INTO citiesormunicipalities (code, name, statereg_id) VALUES
('52001', 'PASTO', 'NAR'),
('52019', 'ALBAN', 'NAR'),
('52022', 'ALDANA', 'NAR'),
('52036', 'ANCUYA', 'NAR'),
('52051', 'ARBOLEDA', 'NAR'),
('52079', 'BARBACOAS', 'NAR'),
('52083', 'BELEN', 'NAR'),
('52110', 'BUESACO', 'NAR'),
('52203', 'COLON', 'NAR'),
('52207', 'CONSACA', 'NAR'),
('52210', 'CONTADERO', 'NAR'),
('52215', 'CORDOBA', 'NAR'),
('52224', 'CUASPUD', 'NAR'),
('52227', 'CUMBAL', 'NAR'),
('52233', 'CUMBITARA', 'NAR'),
('52240', 'CHACHAGÜI', 'NAR'),
('52250', 'EL CHARCO', 'NAR'),
('52254', 'EL PEÑOL', 'NAR'),
('52256', 'EL ROSARIO', 'NAR'),
('52258', 'EL TABLON DE GOMEZ', 'NAR'),
('52260', 'EL TAMBO', 'NAR'),
('52287', 'FUNES', 'NAR'),
('52317', 'GUACHUCAL', 'NAR'),
('52320', 'GUAITARILLA', 'NAR'),
('52323', 'GUALMATAN', 'NAR'),
('52352', 'ILES', 'NAR'),
('52354', 'IMUES', 'NAR'),
('52356', 'IPIALES', 'NAR'),
('52378', 'LA CRUZ', 'NAR'),
('52381', 'LA FLORIDA', 'NAR'),
('52385', 'LA LLANADA', 'NAR'),
('52390', 'LA TOLA', 'NAR'),
('52399', 'LA UNION', 'NAR'),
('52405', 'LEIVA', 'NAR'),
('52411', 'LINARES', 'NAR'),
('52418', 'LOS ANDES', 'NAR'),
('52427', 'MAGÜI', 'NAR'),
('52435', 'MALLAMA', 'NAR'),
('52473', 'MOSQUERA', 'NAR'),
('52480', 'NARIÑO', 'NAR'),
('52490', 'OLAYA HERRERA', 'NAR'),
('52506', 'OSPINA', 'NAR'),
('52520', 'FRANCISCO PIZARRO', 'NAR'),
('52540', 'POLICARPA', 'NAR'),
('52560', 'POTOSI', 'NAR'),
('52565', 'PROVIDENCIA', 'NAR'),
('52573', 'PUERRES', 'NAR'),
('52585', 'PUPIALES', 'NAR'),
('52612', 'RICAURTE', 'NAR'),
('52621', 'ROBERTO PAYAN', 'NAR'),
('52678', 'SAMANIEGO', 'NAR'),
('52683', 'SANDONA', 'NAR'),
('52685', 'SAN BERNARDO', 'NAR'),
('52687', 'SAN LORENZO', 'NAR'),
('52693', 'SAN PABLO', 'NAR'),
('52694', 'SAN PEDRO DE CARTAGO', 'NAR'),
('52696', 'SANTA BARBARA', 'NAR'),
('52699', 'SANTACRUZ', 'NAR'),
('52720', 'SAPUYES', 'NAR'),
('52786', 'TAMINANGO', 'NAR'),
('52788', 'TANGUA', 'NAR'),
('52835', 'TUMACO', 'NAR'),
('52838', 'TUQUERRES', 'NAR'),
('52885', 'YACUANQUER', 'NAR');

INSERT INTO citiesormunicipalities (code, name, statereg_id) VALUES
('54001', 'CUCUTA', 'NSA'),
('54003', 'ABREGO', 'NSA'),
('54051', 'ARBOLEDAS', 'NSA'),
('54099', 'BOCHALEMA', 'NSA'),
('54109', 'BUCARASICA', 'NSA'),
('54125', 'CACOTA', 'NSA'),
('54128', 'CACHIRA', 'NSA'),
('54172', 'CHINACOTA', 'NSA'),
('54174', 'CHITAGA', 'NSA'),
('54206', 'CONVENCION', 'NSA'),
('54223', 'CUCUTILLA', 'NSA'),
('54239', 'DURANIA', 'NSA'),
('54245', 'EL CARMEN', 'NSA'),
('54250', 'EL TARRA', 'NSA'),
('54261', 'EL ZULIA', 'NSA'),
('54313', 'GRAMALOTE', 'NSA'),
('54344', 'HACARI', 'NSA'),
('54347', 'HERRAN', 'NSA'),
('54377', 'LABATECA', 'NSA'),
('54385', 'LA ESPERANZA', 'NSA'),
('54398', 'LA PLAYA', 'NSA'),
('54405', 'LOS PATIOS', 'NSA'),
('54418', 'LOURDES', 'NSA'),
('54480', 'MUTISCUA', 'NSA'),
('54498', 'OCAÑA', 'NSA'),
('54518', 'PAMPLONA', 'NSA'),
('54520', 'PAMPLONITA', 'NSA'),
('54553', 'PUERTO SANTANDER', 'NSA'),
('54599', 'RAGONVALIA', 'NSA'),
('54660', 'SALAZAR', 'NSA'),
('54670', 'SAN CALIXTO', 'NSA'),
('54673', 'SAN CAYETANO', 'NSA'),
('54680', 'SANTIAGO', 'NSA'),
('54720', 'SARDINATA', 'NSA'),
('54743', 'SILOS', 'NSA'),
('54800', 'TEORAMA', 'NSA'),
('54810', 'TIBU', 'NSA'),
('54820', 'TOLEDO', 'NSA'),
('54871', 'VILLA CARO', 'NSA'),
('54874', 'VILLA DEL ROSARIO', 'NSA');

INSERT INTO citiesormunicipalities (code, name, statereg_id) VALUES
('63001', 'ARMENIA', 'QUI'),
('63111', 'BUENAVISTA', 'QUI'),
('63130', 'CALARCA', 'QUI'),
('63190', 'CIRCASIA', 'QUI'),
('63212', 'CORDOBA', 'QUI'),
('63272', 'FILANDIA', 'QUI'),
('63302', 'GENOVA', 'QUI'),
('63401', 'LA TEBAIDA', 'QUI'),
('63470', 'MONTENEGRO', 'QUI'),
('63548', 'PIJAO', 'QUI'),
('63594', 'QUIMBAYA', 'QUI'),
('63690', 'SALENTO', 'QUI');

INSERT INTO citiesormunicipalities (code, name, statereg_id) VALUES
('66001', 'PEREIRA', 'RIS'),
('66045', 'APIA', 'RIS'),
('66075', 'BALBOA', 'RIS'),
('66088', 'BELEN DE UMBRIA', 'RIS'),
('66170', 'DOSQUEBRADAS', 'RIS'),
('66318', 'GUATICA', 'RIS'),
('66383', 'LA CELIA', 'RIS'),
('66400', 'LA VIRGINIA', 'RIS'),
('66440', 'MARSELLA', 'RIS'),
('66456', 'MISTRATO', 'RIS'),
('66572', 'PUEBLO RICO', 'RIS'),
('66594', 'QUINCHIA', 'RIS'),
('66682', 'SANTA ROSA DE CABAL', 'RIS'),
('66687', 'SANTUARIO', 'RIS');

INSERT INTO citiesormunicipalities (code, name, statereg_id) VALUES
('68001', 'BUCARAMANGA', 'SAN'),
('68013', 'AGUADA', 'SAN'),
('68020', 'ALBANIA', 'SAN'),
('68051', 'ARATOCA', 'SAN'),
('68077', 'BARBOSA', 'SAN'),
('68079', 'BARICHARA', 'SAN'),
('68081', 'BARRANCABERMEJA', 'SAN'),
('68092', 'BETULIA', 'SAN'),
('68101', 'BOLIVAR', 'SAN'),
('68121', 'CABRERA', 'SAN'),
('68132', 'CALIFORNIA', 'SAN'),
('68147', 'CAPITANEJO', 'SAN'),
('68152', 'CARCASI', 'SAN'),
('68160', 'CEPITA', 'SAN'),
('68162', 'CERRITO', 'SAN'),
('68167', 'CHARALA', 'SAN'),
('68169', 'CHARTA', 'SAN'),
('68176', 'CHIMA', 'SAN'),
('68179', 'CHIPATA', 'SAN'),
('68190', 'CIMITARRA', 'SAN'),
('68207', 'CONCEPCION', 'SAN'),
('68209', 'CONFINES', 'SAN'),
('68211', 'CONTRATACION', 'SAN'),
('68217', 'COROMORO', 'SAN'),
('68229', 'CURITI', 'SAN'),
('68235', 'EL CARMEN DE CHUCURI', 'SAN'),
('68245', 'EL GUACAMAYO', 'SAN'),
('68250', 'EL PEÑON', 'SAN'),
('68255', 'EL PLAYON', 'SAN'),
('68264', 'ENCINO', 'SAN'),
('68266', 'ENCISO', 'SAN'),
('68271', 'FLORIAN', 'SAN'),
('68276', 'FLORIDABLANCA', 'SAN'),
('68296', 'GALAN', 'SAN'),
('68298', 'GAMBITA', 'SAN'),
('68307', 'GIRON', 'SAN'),
('68318', 'GUACA', 'SAN'),
('68320', 'GUADALUPE', 'SAN'),
('68322', 'GUAPOTA', 'SAN'),
('68324', 'GUAVATA', 'SAN'),
('68327', 'GÜEPSA', 'SAN'),
('68344', 'HATO', 'SAN'),
('68368', 'JESUS MARIA', 'SAN'),
('68370', 'JORDAN', 'SAN'),
('68377', 'LA BELLEZA', 'SAN'),
('68385', 'LANDAZURI', 'SAN'),
('68397', 'LA PAZ', 'SAN'),
('68406', 'LEBRIJA', 'SAN'),
('68418', 'LOS SANTOS', 'SAN'),
('68425', 'MACARAVITA', 'SAN'),
('68432', 'MALAGA', 'SAN'),
('68444', 'MATANZA', 'SAN'),
('68464', 'MOGOTES', 'SAN'),
('68468', 'MOLAGAVITA', 'SAN'),
('68498', 'OCAMONTE', 'SAN'),
('68500', 'OIBA', 'SAN'),
('68502', 'ONZAGA', 'SAN'),
('68522', 'PALMAR', 'SAN'),
('68524', 'PALMAS DEL SOCORRO', 'SAN'),
('68533', 'PARAMO', 'SAN'),
('68547', 'PIEDECUESTA', 'SAN'),
('68549', 'PINCHOTE', 'SAN'),
('68572', 'PUENTE NACIONAL', 'SAN'),
('68573', 'PUERTO PARRA', 'SAN'),
('68575', 'PUERTO WILCHES', 'SAN'),
('68615', 'RIONEGRO', 'SAN'),
('68655', 'SABANA DE TORRES', 'SAN'),
('68669', 'SAN ANDRES', 'SAN'),
('68673', 'SAN BENITO', 'SAN'),
('68679', 'SAN GIL', 'SAN'),
('68682', 'SAN JOAQUIN', 'SAN'),
('68684', 'SAN JOSE DE MIRANDA', 'SAN'),
('68686', 'SAN MIGUEL', 'SAN'),
('68689', 'SAN VICENTE DE CHUCURI', 'SAN'),
('68705', 'SANTA BARBARA', 'SAN'),
('68720', 'SANTA HELENA DEL OPON', 'SAN'),
('68745', 'SIMACOTA', 'SAN'),
('68755', 'SOCORRO', 'SAN'),
('68770', 'SUAITA', 'SAN'),
('68773', 'SUCRE', 'SAN'),
('68780', 'SURATA', 'SAN'),
('68820', 'TONA', 'SAN'),
('68855', 'VALLE DE SAN JOSE', 'SAN'),
('68861', 'VELEZ', 'SAN'),
('68867', 'VETAS', 'SAN'),
('68872', 'VILLANUEVA', 'SAN'),
('68895', 'ZAPATOCA', 'SAN');

INSERT INTO citiesormunicipalities (code, name, statereg_id) VALUES
('70001', 'SINCELEJO', 'SUC'),
('70110', 'BUENAVISTA', 'SUC'),
('70124', 'CAIMITO', 'SUC'),
('70204', 'COLOSO', 'SUC'),
('70215', 'COROZAL', 'SUC'),
('70230', 'CHALAN', 'SUC'),
('70233', 'EL ROBLE', 'SUC'),
('70235', 'GALERAS', 'SUC'),
('70265', 'GUARANDA', 'SUC'),
('70400', 'LA UNION', 'SUC'),
('70418', 'LOS PALMITOS', 'SUC'),
('70429', 'MAJAGUAL', 'SUC'),
('70473', 'MORROA', 'SUC'),
('70508', 'OVEJAS', 'SUC'),
('70523', 'PALMITO', 'SUC'),
('70670', 'SAMPUES', 'SUC'),
('70678', 'SAN BENITO ABAD', 'SUC'),
('70702', 'SAN JUAN DE BETULIA', 'SUC'),
('70708', 'SAN MARCOS', 'SUC'),
('70713', 'SAN ONOFRE', 'SUC'),
('70717', 'SAN PEDRO', 'SUC'),
('70742', 'SINCE', 'SUC'),
('70771', 'SUCRE', 'SUC'),
('70820', 'SANTIAGO DE TOLU', 'SUC'),
('70823', 'TOLUVIEJO', 'SUC');

INSERT INTO citiesormunicipalities (code, name, statereg_id) VALUES
('73001', 'IBAGUE', 'TOL'),
('73024', 'ALPUJARRA', 'TOL'),
('73026', 'ALVARADO', 'TOL'),
('73030', 'AMBALEMA', 'TOL'),
('73043', 'ANZOATEGUI', 'TOL'),
('73055', 'ARMERO', 'TOL'),
('73067', 'ATACO', 'TOL'),
('73124', 'CAJAMARCA', 'TOL'),
('73148', 'CARMEN DE APICALA', 'TOL'),
('73152', 'CASABIANCA', 'TOL'),
('73168', 'CHAPARRAL', 'TOL'),
('73200', 'COELLO', 'TOL'),
('73217', 'COYAIMA', 'TOL'),
('73226', 'CUNDAY', 'TOL'),
('73236', 'DOLORES', 'TOL'),
('73268', 'ESPINAL', 'TOL'),
('73270', 'FALAN', 'TOL'),
('73275', 'FLANDES', 'TOL'),
('73283', 'FRESNO', 'TOL'),
('73319', 'GUAMO', 'TOL'),
('73347', 'HERVEO', 'TOL'),
('73349', 'HONDA', 'TOL'),
('73352', 'ICONONZO', 'TOL'),
('73408', 'LERIDA', 'TOL'),
('73411', 'LIBANO', 'TOL'),
('73443', 'MARIQUITA', 'TOL'),
('73449', 'MELGAR', 'TOL'),
('73461', 'MURILLO', 'TOL'),
('73483', 'NATAGAIMA', 'TOL'),
('73504', 'ORTEGA', 'TOL'),
('73520', 'PALOCABILDO', 'TOL'),
('73547', 'PIEDRAS', 'TOL'),
('73555', 'PLANADAS', 'TOL'),
('73563', 'PRADO', 'TOL'),
('73585', 'PURIFICACION', 'TOL'),
('73616', 'RIOBLANCO', 'TOL'),
('73622', 'RONCESVALLES', 'TOL'),
('73624', 'ROVIRA', 'TOL'),
('73671', 'SALDAÑA', 'TOL'),
('73675', 'SAN ANTONIO', 'TOL'),
('73678', 'SAN LUIS', 'TOL'),
('73686', 'SANTA ISABEL', 'TOL'),
('73770', 'SUAREZ', 'TOL'),
('73854', 'VALLE DE SAN JUAN', 'TOL'),
('73861', 'VENADILLO', 'TOL'),
('73870', 'VILLAHERMOSA', 'TOL'),
('73873', 'VILLARRICA', 'TOL');

INSERT INTO citiesormunicipalities (code, name, statereg_id) VALUES
('76001', 'CALI', 'VAC'),
('76020', 'ALCALA', 'VAC'),
('76036', 'ANDALUCIA', 'VAC'),
('76041', 'ANSERMANUEVO', 'VAC'),
('76054', 'ARGELIA', 'VAC'),
('76100', 'BOLIVAR', 'VAC'),
('76109', 'BUENAVENTURA', 'VAC'),
('76111', 'GUADALAJARA DE BUGA', 'VAC'),
('76113', 'BUGALAGRANDE', 'VAC'),
('76122', 'CAICEDONIA', 'VAC'),
('76126', 'CALIMA', 'VAC'),
('76130', 'CANDELARIA', 'VAC'),
('76147', 'CARTAGO', 'VAC'),
('76233', 'DAGUA', 'VAC'),
('76243', 'EL AGUILA', 'VAC'),
('76246', 'EL CAIRO', 'VAC'),
('76248', 'EL CERRITO', 'VAC'),
('76250', 'EL DOVIO', 'VAC'),
('76275', 'FLORIDA', 'VAC'),
('76306', 'GINEBRA', 'VAC'),
('76318', 'GUACARI', 'VAC'),
('76364', 'JAMUNDI', 'VAC'),
('76377', 'LA CUMBRE', 'VAC'),
('76400', 'LA UNION', 'VAC'),
('76403', 'LA VICTORIA', 'VAC'),
('76497', 'OBANDO', 'VAC'),
('76520', 'PALMIRA', 'VAC'),
('76563', 'PRADERA', 'VAC'),
('76606', 'RESTREPO', 'VAC'),
('76616', 'RIOFRIO', 'VAC'),
('76622', 'ROLDANILLO', 'VAC'),
('76670', 'SAN PEDRO', 'VAC'),
('76736', 'SEVILLA', 'VAC'),
('76823', 'TORO', 'VAC'),
('76828', 'TRUJILLO', 'VAC'),
('76834', 'TULUA', 'VAC'),
('76845', 'ULLOA', 'VAC'),
('76863', 'VERSALLES', 'VAC'),
('76869', 'VIJES', 'VAC'),
('76890', 'YOTOCO', 'VAC'),
('76892', 'YUMBO', 'VAC'),
('76895', 'ZARZAL', 'VAC');

INSERT INTO citiesormunicipalities (code, name, statereg_id) VALUES
('81001', 'ARAUCA', 'ARA'),
('81065', 'ARAUQUITA', 'ARA'),
('81220', 'CRAVO NORTE', 'ARA'),
('81300', 'FORTUL', 'ARA'),
('81591', 'PUERTO RONDON', 'ARA'),
('81736', 'SARAVENA', 'ARA'),
('81794', 'TAME', 'ARA');

INSERT INTO citiesormunicipalities (code, name, statereg_id) VALUES
('85001', 'YOPAL', 'CAS'),
('85010', 'AGUAZUL', 'CAS'),
('85015', 'CHAMEZA', 'CAS'),
('85125', 'HATO COROZAL', 'CAS'),
('85136', 'LA SALINA', 'CAS'),
('85139', 'MANI', 'CAS'),
('85162', 'MONTERREY', 'CAS'),
('85225', 'NUNCHIA', 'CAS'),
('85230', 'OROCUE', 'CAS'),
('85250', 'PAZ DE ARIPORO', 'CAS'),
('85263', 'PORE', 'CAS'),
('85279', 'RECETOR', 'CAS'),
('85300', 'SABANALARGA', 'CAS'),
('85315', 'SACAMA', 'CAS'),
('85325', 'SAN LUIS DE PALENQUE', 'CAS'),
('85400', 'TAMARA', 'CAS'),
('85410', 'TAURAMENA', 'CAS'),
('85430', 'TRINIDAD', 'CAS'),
('85440', 'VILLANUEVA', 'CAS');

INSERT INTO citiesormunicipalities (code, name, statereg_id) VALUES
('86001', 'MOCOA', 'PUT'),
('86219', 'COLON', 'PUT'),
('86320', 'ORITO', 'PUT'),
('86568', 'PUERTO ASIS', 'PUT'),
('86569', 'PUERTO CAICEDO', 'PUT'),
('86571', 'PUERTO GUZMAN', 'PUT'),
('86573', 'LEGUIZAMO', 'PUT'),
('86749', 'SIBUNDOY', 'PUT'),
('86755', 'SAN FRANCISCO', 'PUT'),
('86757', 'SAN MIGUEL', 'PUT'),
('86760', 'SANTIAGO', 'PUT'),
('86865', 'VALLE DEL GUAMUEZ', 'PUT'),
('86885', 'VILLAGARZON', 'PUT');

INSERT INTO citiesormunicipalities (code, name, statereg_id) VALUES
('88001', 'SAN ANDRÉS', 'SAP'),
('88564', 'PROVIDENCIA', 'SAP');

INSERT INTO citiesormunicipalities (code, name, statereg_id) VALUES
('91001', 'LETICIA', 'AMA'),
('91263', 'EL ENCANTO', 'AMA'),
('91405', 'LA CHORRERA', 'AMA'),
('91407', 'LA PEDRERA', 'AMA'),
('91430', 'LA VICTORIA', 'AMA'),
('91460', 'MIRITI - PARANA', 'AMA'),
('91530', 'PUERTO ALEGRIA', 'AMA'),
('91536', 'PUERTO ARICA', 'AMA'),
('91540', 'PUERTO NARIÑO', 'AMA'),
('91669', 'PUERTO SANTANDER', 'AMA'),
('91798', 'TARAPACA', 'AMA');

INSERT INTO citiesormunicipalities (code, name, statereg_id) VALUES
('94001', 'INIRIDA', 'GUA'),
('94343', 'BARRANCO MINAS', 'GUA'),
('94663', 'MAPIRIPANA', 'GUA'),
('94883', 'SAN FELIPE', 'GUA'),
('94884', 'PUERTO COLOMBIA', 'GUA'),
('94885', 'LA GUADALUPE', 'GUA'),
('94886', 'CACAHUAL', 'GUA'),
('94887', 'PANA PANA', 'GUA'),
('94888', 'MORICHAL', 'GUA');

INSERT INTO citiesormunicipalities (code, name, statereg_id) VALUES
('95001', 'SAN JOSE DEL GUAVIARE', 'GUV'),
('95015', 'CALAMAR', 'GUV'),
('95025', 'EL RETORNO', 'GUV'),
('95200', 'MIRAFLORES', 'GUV');

INSERT INTO citiesormunicipalities (code, name, statereg_id) VALUES
('97001', 'MITU', 'VAU'),
('97161', 'CARURU', 'VAU'),
('97511', 'PACOA', 'VAU'),
('97666', 'TARAIRA', 'VAU'),
('97777', 'PAPUNAUA', 'VAU'),
('97889', 'YAVARATE', 'VAU');

INSERT INTO citiesormunicipalities (code, name, statereg_id) VALUES
('99001', 'PUERTO CARREÑO', 'VID'),
('99524', 'LA PRIMAVERA', 'VID'),
('99624', 'SANTA ROSALIA', 'VID'),
('99773', 'CUMARIBO', 'VID');

-- insert typeidentifications

INSERT INTO typesidentifications (id, description, sufix) VALUES
(1, 'NIT', 'N'),
(2, 'C.C.', 'CC'),
(3, 'C.E.', 'CE');

-- insert categories

INSERT INTO categories (id, description) VALUES
(1, 'Energía'),
(2, 'Transporte'),
(3, 'Distribución'),
(4, 'Salud'),
(5, 'Minería'),
(6, 'Refinación');

-- INSERT audiciences

INSERT INTO audiences (name, description) VALUES
('GENÉRICO', 'Audiencia general sin segmentación'),
('JÓVENES', 'Personas entre 18 y 25 años'),
('ADULTOS', 'Personas entre 26 y 45 años'),
('SENIOR', 'Mayores de 45 años'),
('EMPRESARIAL', 'Empresas o representantes corporativos'),
('ESTUDIANTES', 'Audiencia académica'),
('PROFESIONALES', 'Individuos con título universitario'),
('DEPORTISTAS', 'Personas interesadas en deporte y salud'),
('FAMILIAR', 'Dirigido a familias completas');

-- INSERT companies

INSERT INTO companies (id, type_id, name, category_id, city_id, audience_id, cellphone, email) VALUES
('900123001-1', 1, 'ECOPETROL S.A.', 1, '11001', 1, '3001234567', 'ecopetrol@eco.com'),
('900123002-2', 2, 'AVIANCA', 2, '11001', 2, '3102345678', 'contacto@avianca.com'),
('900123003-3', 1, 'TERPEL', 3, '11001', 3, '3013456789', 'terpel@distribucion.com'),
('900123004-4', 3, 'NUEVA EPS', 4, '11001', 1, '3024567890', 'nuevaeps@salud.co'),
('900123005-5', 1, 'DRUMMOND', 5, '20001', 2, '3035678901', 'drummond@minerias.com'),
('900123006-6', 2, 'REFINERIA DE CARTAGENA S.A.S.', 6, '13001', 3, '3046789012', 'refineria@cartagena.com'),
('900123007-7', 1, 'D1 S.A.S.', 1, '11001', 1, '3057890123', 'd1@mercadeo.com'),
('900123008-8', 3, 'COLSALUD IPS', 2, '11001', 2, '3068901234', 'colsalud@saludybienestar.com'),
('900123009-9', 2, 'ALIMENTAR EXPRESS', 3, '05001', 3, '3079012345', 'info@alimentarex.com'),
('900123010-0', 1, 'TERMOCOL S.A.', 4, '47001', 1, '3080123456', 'termocol@petroleo.co');

-- INSERT customers

INSERT INTO customers (name, city_id, audience_id, cellphone, email) VALUES
('Sharon Acosta', '11001', 1, '3101112233', 'sharonacosta@hotmail.com'),
('Alberto Sanchez', '05001', 2, '3122223344', 'daniherrera@gmail.com'),
('Juan Romero', '13001', 3, '3133334455', 'juanromero@outlook.com'),
('Eduardo Castellanos', '76001', 1, '3144445566', 'eduardocastellanos@gmail.com'),
('Armando Casas', '47001', 3, '3155556677', 'jhinetperez@gmail.com'),
('Luz Rueda', '11001', 2, '3166667788', 'luzrueda@hotmail.com'),
('Juan Ballesteros', '05088', 1, '3177778899', 'juanballesteros@gmail.com'),
('Luis Poveda', '73001', 2, '3188889900', 'luispoveda@gmail.com'),
('Carlos de la Cruz', '20001', 3, '3199990011', 'carloscruz@outlook.com'),
('Alvaro Reyes', '68001', 1, '3200001122', 'alvarodeidad@gmail.com'),
('Santiago Lozano', '11001', 2, '3211112222', 'slozano@gmail.com'),
('Camila Ríos', '05001', 1, '3222223333', 'camila.rios@yahoo.com'),
('Andrés Cuéllar', '13001', 3, '3233334444', 'andresc@hotmail.com'),
('Natalia Suárez', '76001', 1, '3244445555', 'natalias@gmail.com'),
('Diego Torres', '47001', 2, '3255556666', 'dtorres@gmail.com'),
('Valentina Díaz', '11001', 3, '3266667777', 'valen.diaz@gmail.com'),
('Juan Carlos Vélez', '05088', 1, '3277778888', 'jvelez@hotmail.com'),
('Lucía Martínez', '73001', 2, '3288889999', 'luciam@hotmail.com'),
('Sebastián Gómez', '20001', 3, '3299990000', 'sgomez@outlook.com'),
('Mariana Pardo', '68001', 1, '3300001111', 'maripardo@gmail.com'),
('Laura Peña', '76001', 2, '3311112233', 'laurapena@gmail.com'),
('Camilo Parra', '05001', 3, '3322223344', 'cparra@gmail.com'),
('Tatiana Vélez', '13001', 1, '3333334455', 'tvelez@hotmail.com'),
('Miguel Restrepo', '68001', 2, '3344445566', 'miguelr@gmail.com'),
('Karen Morales', '11001', 3, '3355556677', 'karenm@correo.com'),
('Daniel Medina', '20001', 1, '3366667788', 'danielm@live.com'),
('Isabel Duarte', '73001', 2, '3377778899', 'iduarte@gmail.com'),
('Julian Navarro', '47001', 3, '3388889900', 'julian.n@outlook.com'),
('Andrés Ramos', '76001', 1, '3399990011', 'aramos@gmail.com'),
('Paola Ortega', '05001', 2, '3400001122', 'paolao@gmail.com');

-- INSERT unitsofmeasure

INSERT INTO unitofmeasure (id, description) VALUES
(1, 'Litro'),
(2, 'Unidad'),
(3, 'Kilogramo'),
(4, 'Paquete'),
(5, 'Mes'),
(6, 'Consulta'),
(7, 'Tiquete'),
(8, 'Servicio');

-- INSERT companyproducts

INSERT INTO companyproducts (company_id, product_id, price, unitmeasure_id) VALUES
('900123001-1', 1, 11500, 1),
('900123002-2', 2, 250000, 7),
('900123003-3', 9, 120000, 8),
('900123004-4', 4, 30000, 6),
('900123005-5', 5, 90000, 3),
('900123006-6', 1, 11300, 1),
('900123007-7', 7, 5000, 2),
('900123008-8', 8, 85000, 5),
('900123009-9', 3, 52000, 4),
('900123010-0', 6, 25000, 2),
('900123001-1', 10, 43000, 1),
('900123002-2', 11, 185000, 2),
('900123003-3', 12, 1080000, 7),
('900123004-4', 13, 42000, 6),
('900123005-5', 14, 73000, 5),
('900123006-6', 15, 5000, 2);

-- INSERT favorites

INSERT INTO favorites (customer_id, company_id) VALUES
(1, '900123001-1'),
(2, '900123002-2'),
(3, '900123003-3'),
(4, '900123004-4'),
(5, '900123005-5'),
(6, '900123006-6'),
(7, '900123007-7'),
(8, '900123008-8'),
(9, '900123009-9'),
(10, '900123010-0'),
(11, '900123001-1'), 
(12, '900123001-1'), 
(13, '900123001-1'), 
(14, '900123001-1'), 
(15, '900123001-1'),
(16, '900123001-1'), 
(17, '900123001-1'), 
(18, '900123001-1'), 
(19, '900123001-1'), 
(20, '900123001-1');

-- INSERT products

INSERT INTO products (name, detail, price, category_id, image) VALUES
('Gasolina Corriente', 'Combustible tipo corriente para vehículos particulares y comerciales.', 11250, 1, 'gasolina.jpg'),
('Tiquete Aéreo Nacional', 'Pasaje en clase económica para rutas nacionales.', 235000, 2, 'vuelo.jpg'),
('Kit Escolar Básico', 'Incluye cuadernos, lápices, colores, regla y maletín.', 54000, 3, 'kit_escolar.jpg'),
('Consulta Médica General', 'Consulta presencial con médico general en IPS afiliada.', 35000, 4, 'consulta.jpg'),
('Carbón Térmico', 'Carbón mineral utilizado en procesos industriales y generación de energía.', 86000, 5, 'carbon.jpg'),
('Gas Natural Residencial', 'Suministro mensual de gas natural domiciliario.', 27000, 1, 'gas_natural.jpg'),
('Leche Entera 1L', 'Leche líquida entera pasteurizada en presentación de 1 litro.', 5200, 3, 'leche.jpg'),
('Curso Virtual de Inglés', 'Acceso a curso autodidacta de inglés por 3 meses.', 89000, 4, 'curso_ingles.jpg'),
('Paquete de Internet Hogar', 'Plan de internet banda ancha con 100 Mbps de velocidad.', 119900, 1, 'internet.jpg'),
('Aceite de Motor Premium', 'Aceite sintético para motores diésel.', 45000, 1, 'aceite_motor.jpg'),
('Silla Ergonómica', 'Silla ajustable para oficina.', 190000, 3, 'silla.jpg'),
('Tiquete Internacional', 'Vuelo internacional clase económica.', 1100000, 2, 'vuelo_int.jpg'),
('Consulta Odontológica', 'Consulta odontológica de control.', 40000, 4, 'consulta_odon.jpg'),
('Curso Virtual Excel', 'Curso online de Excel básico-intermedio.', 75000, 4, 'excel.jpg'),
('Gaseosa 2L', 'Gaseosa sabor cola presentación 2 litros.', 5500, 3, 'gaseosa.jpg');

-- INSERT details_favorites

INSERT INTO details_favorites (favorite_id, product_id) VALUES
(1, 1),  
(2, 2),  
(3, 9),  
(4, 4),  
(5, 5),  
(6, 1),  
(7, 7),  
(8, 8),  
(9, 3),  
(10, 1), 
(11, 1),
(12, 1),
(13, 1),
(14, 1),
(15, 1),
(16, 1),
(17, 8),
(18, 9),
(19, 1),
(20, 2);

-- INSERT categories_polls

INSERT INTO categories_polls (name) VALUES
('Evaluación de Empresa'),
('Evaluación de Producto');

-- INSERT polls

INSERT INTO polls (name, description, isactive, categorypoll_id) VALUES
('Calidad del Servicio', 'Evalúa la amabilidad, eficiencia y atención al cliente de la empresa.', TRUE, 1),
('Relación Precio-Calidad', 'Evalúa si los precios se ajustan a la calidad del servicio recibido.', TRUE, 1),
('Satisfacción con el Producto', 'Evalúa el desempeño, empaque y funcionalidad del producto.', TRUE, 2),
('Disponibilidad y Stock', 'Evalúa la facilidad para adquirir el producto en inventario.', TRUE, 2);

-- INSERT rates

INSERT INTO rates (customer_id, company_id, poll_id, daterating, rating) VALUES
(1, '900123001-1', 1, '2025-07-10 10:00:00', 4.5),
(1, '900123001-1', 2, '2025-07-10 10:05:00', 4.2),
(2, '900123002-2', 1, '2025-07-10 11:00:00', 3.8),
(2, '900123002-2', 2, '2025-07-10 11:04:00', 4.0),
(3, '900123003-3', 1, '2025-07-10 12:00:00', 4.1),
(3, '900123003-3', 2, '2025-07-10 12:03:00', 3.9),
(4, '900123004-4', 1, '2025-07-10 13:00:00', 3.7),
(4, '900123004-4', 2, '2025-07-10 13:02:00', 3.8),
(5, '900123005-5', 1, '2025-07-10 14:00:00', 4.6),
(5, '900123005-5', 2, '2025-07-10 14:05:00', 4.4);

-- INSERT quality_products

INSERT INTO quality_products (product_id, customer_id, poll_id, company_id, daterating, rating) VALUES
(1, 1, 3, '900123001-1', '2025-07-11 09:00:00', 4.7),
(1, 1, 4, '900123001-1', '2025-07-11 09:02:00', 4.5),
(2, 2, 3, '900123002-2', '2025-07-11 09:30:00', 4.0),
(2, 2, 4, '900123002-2', '2025-07-11 09:32:00', 4.2),
(9, 3, 3, '900123003-3', '2025-07-11 10:00:00', 4.3),
(9, 3, 4, '900123003-3', '2025-07-11 10:03:00', 4.1),
(4, 4, 3, '900123004-4', '2025-07-11 10:30:00', 3.9),
(4, 4, 4, '900123004-4', '2025-07-11 10:33:00', 4.0),
(5, 5, 3, '900123005-5', '2025-07-11 11:00:00', 4.6),
(5, 5, 4, '900123005-5', '2025-07-11 11:04:00', 4.7),
(1, 6, 3, '900123001-1', '2025-06-15 10:00:00', 4.6),
(2, 7, 3, '900123002-2', '2025-06-20 12:00:00', 4.8),
(3, 8, 3, '900123009-9', '2025-06-25 09:30:00', 4.3),
(9, 9, 3, '900123003-3', '2025-06-28 14:00:00', 4.7),
(4, 10, 3, '900123004-4', '2025-07-01 15:00:00', 4.5),
(5, 11, 3, '900123005-5', '2025-07-02 16:00:00', 4.4);

 -- INSERT city_phone_codes

INSERT INTO city_phone_codes (city_name, phone_code) VALUES
('ARMENIA', '57-6'),
('BARRANQUILLA', '57-5'),
('BOGOTÁ', '57-1'),
('BUCARAMANGA', '57-7'),
('CALI', '57-2'),
('CARTAGENA', '57-5'),
('CUCUTA', '57-7'),
('IBAGUÉ', '57-8'),
('MANIZALES', '57-6'),
('MEDELLÍN', '57-4'),
('NEIVA', '57-8'),
('PALMIRA', '57-2'),
('PEREIRA', '57-6'),
('SANTA MARTA', '57-5'),
('VILLAVICENCIO', '57-8'),
('Mobile Phones - Comcel', '57-310'),
('Mobile Phones - Comcel', '57-311'),
('Mobile Phones - Comcel', '57-312'),
('Mobile Phones - Movistar', '57-315'),
('Mobile Phones - Movistar', '57-316'),
('Mobile Phones - Ola', '57-300'),
('Mobile Phones - Ola', '57-301');

-- INSERT customers_addresses

INSERT INTO customers_addresses (customer_id, city_id, address) VALUES
(1, '11001', 'Calle 45 #12-30'), 
(2, '05001', 'Cra 7 #65-20'),    
(3, '13001', 'Av Pedro de Heredia #55-60'),
(4, '76001', 'Calle 23 #101-10'), 
(5, '47001', 'Cra 5 #80-25'),     
(6, '11001', 'Transv 6 #72-15'),  
(7, '05088', 'Calle 32 #56-12'),  
(8, '73001', 'Cra 9 #30-50'),    
(9, '20001', 'Calle 18 #45-17'),  
(10, '68001', 'Av Libertador #12-45'),
(11, '11001', 'Cra 10 #20-30'),
(12, '05001', 'Calle 12 #45-67'),
(13, '13001', 'Av San Martín #100-10'),
(14, '76001', 'Calle 50 #60-20'),
(15, '47001', 'Cra 8 #75-10'),
(16, '11001', 'Transv 11 #22-33'),
(17, '05088', 'Calle 34 #40-11'),
(18, '73001', 'Cra 9 #55-19'),
(19, '20001', 'Av Santander #30-12'),
(20, '68001', 'Calle 100 #15-30'),
(21, '76001', 'Cra 45 #22-30'),
(22, '05001', 'Calle 9 #65-20'),
(23, '13001', 'Av Bolívar #66-60'),
(24, '68001', 'Transv 4 #33-15'),
(25, '11001', 'Cra 6 #40-15'),
(26, '20001', 'Calle 44 #13-20'),
(27, '73001', 'Av Kennedy #22-50'),
(28, '47001', 'Cra 18 #10-30'),
(29, '76001', 'Calle 19 #33-19'),
(30, '05001', 'Cra 8 #21-18');

-- INSERT memberships

INSERT INTO memberships (id, name, description) VALUES
(1, 'Plan Básico', 'Acceso limitado a productos y beneficios básicos.'),
(2, 'Plan Estándar', 'Acceso medio a productos, algunos beneficios exclusivos.'),
(3, 'Plan Premium', 'Acceso completo a todos los productos y beneficios.');

-- INSERT periods

INSERT INTO periods (id, name, duration_in_months) VALUES
(1, 'Mensual', 1),
(2, 'Trimestral', 3),
(3, 'Anual', 12);

-- INSERT membershipperiods

INSERT INTO membershipperiods (membership_id, period_id, price) VALUES
(1, 1, 9.99),
(1, 2, 27.99),
(1, 3, 99.00),
(2, 1, 14.99),
(2, 2, 39.99),
(2, 3, 130.00),
(3, 1, 24.99),
(3, 2, 69.99),
(3, 3, 199.00);

-- INSERT benefits

INSERT INTO benefits (id, description, detail) VALUES
(1, 'Envíos Gratis', 'Aplica para compras superiores a $50.000'),
(2, 'Acceso Anticipado', 'Accede a productos antes que el público general'),
(3, 'Descuentos Exclusivos', 'Hasta un 20% en productos seleccionados'),
(4, 'Soporte Prioritario', 'Atención preferencial en la plataforma');

-- INSERT audiencebenefits

INSERT INTO audiencebenefits (audience_id, benefit_id) VALUES
(1, 1),
(1, 2),
(2, 1),
(2, 3),
(3, 1),
(3, 2),
(3, 3),
(3, 4);

-- INSERT membershipbenefits

INSERT INTO membershipbenefits (membership_id, period_id, audience_id, benefit_id) VALUES
(1, 1, 1, 1),
(1, 2, 1, 1),
(2, 1, 2, 1),
(2, 2, 2, 3),
(3, 1, 3, 1),
(3, 2, 3, 2),
(3, 2, 3, 3),
(3, 3, 3, 4);

-- INSERT (another company for productos almacenados)

INSERT INTO companies (id, type_id, name, category_id, city_id, audience_id, cellphone, email)
VALUES ('EMP001', 1, 'Empresa Demo 001', 1, '11001', 1, '3110000001', 'demo@empresa.com');
